"rank","LIS","cumulative_mean_LIS"
1,0.000499999999999945,0.000499999999999945
2,0.001,0.000749999999999973
3,0.00149999999999995,0.000999999999999964
4,0.002,0.00124999999999997
5,0.002,0.00139999999999998
6,0.002,0.00149999999999998
7,0.00249999999999995,0.00164285714285712
8,0.003,0.00181249999999998
9,0.003,0.00194444444444443
10,0.003,0.00204999999999998
11,0.004,0.00222727272727271
12,0.005,0.00245833333333332
13,0.00549999999999995,0.00269230769230768
14,0.00549999999999995,0.00289285714285713
15,0.006,0.00309999999999998
16,0.00649999999999995,0.00331249999999998
17,0.00649999999999995,0.00349999999999998
18,0.00700000000000001,0.00369444444444443
19,0.00800000000000001,0.00392105263157893
20,0.00800000000000001,0.00412499999999998
21,0.00800000000000001,0.0043095238095238
22,0.00849999999999995,0.00449999999999998
23,0.01,0.00473913043478259
24,0.0105,0.00497916666666665
25,0.011,0.00521999999999999
26,0.011,0.00544230769230768
27,0.012,0.00568518518518517
28,0.013,0.00594642857142856
29,0.0135,0.00620689655172412
30,0.0135,0.00644999999999999
31,0.0135,0.0066774193548387
32,0.0135,0.00689062499999998
33,0.014,0.00710606060606059
34,0.0145,0.00732352941176469
35,0.0145,0.00752857142857141
36,0.0145,0.0077222222222222
37,0.015,0.0079189189189189
38,0.016,0.0081315789473684
39,0.016,0.00833333333333332
40,0.017,0.00854999999999998
41,0.017,0.0087560975609756
42,0.018,0.00897619047619046
43,0.018,0.00918604651162789
44,0.0185,0.00939772727272726
45,0.0185,0.00959999999999999
46,0.0185,0.00979347826086955
47,0.019,0.00998936170212765
48,0.019,0.0101770833333333
49,0.019,0.0103571428571428
50,0.019,0.01053
51,0.0195,0.0107058823529412
52,0.0195,0.010875
53,0.0195,0.0110377358490566
54,0.02,0.0112037037037037
55,0.02,0.0113636363636364
56,0.02,0.0115178571428571
57,0.021,0.0116842105263158
58,0.021,0.0118448275862069
59,0.021,0.012
60,0.0215,0.0121583333333333
61,0.022,0.0123196721311475
62,0.022,0.0124758064516129
63,0.0225,0.0126349206349206
64,0.0225,0.0127890625
65,0.0225,0.0129384615384615
66,0.0225,0.0130833333333333
67,0.0225,0.0132238805970149
68,0.0235,0.013375
69,0.0245,0.013536231884058
70,0.0245,0.0136928571428571
71,0.025,0.0138521126760563
72,0.0255,0.0140138888888889
73,0.026,0.0141780821917808
74,0.026,0.0143378378378378
75,0.026,0.0144933333333333
76,0.0265,0.0146513157894737
77,0.0265,0.0148051948051948
78,0.0265,0.0149551282051282
79,0.027,0.0151075949367088
80,0.027,0.01525625
81,0.0275,0.0154074074074074
82,0.028,0.0155609756097561
83,0.028,0.015710843373494
84,0.0285,0.0158630952380952
85,0.029,0.0160176470588235
86,0.029,0.0161686046511628
87,0.0295,0.0163218390804598
88,0.0295,0.0164715909090909
89,0.0295,0.0166179775280899
90,0.03,0.0167666666666667
91,0.03,0.0169120879120879
92,0.0305,0.0170597826086956
93,0.031,0.0172096774193548
94,0.0315,0.0173617021276596
95,0.0315,0.0175105263157895
96,0.032,0.0176614583333333
97,0.0325,0.0178144329896907
98,0.0325,0.0179642857142857
99,0.033,0.0181161616161616
100,0.034,0.018275
101,0.0345,0.0184356435643564
102,0.0345,0.018593137254902
103,0.0345,0.018747572815534
104,0.035,0.0189038461538461
105,0.0355,0.0190619047619047
106,0.0355,0.0192169811320755
107,0.0355,0.0193691588785047
108,0.036,0.0195231481481481
109,0.036,0.0196743119266055
110,0.036,0.0198227272727273
111,0.0365,0.019972972972973
112,0.0365,0.0201205357142857
113,0.037,0.0202699115044248
114,0.037,0.0204166666666667
115,0.037,0.0205608695652174
116,0.037,0.0207025862068965
117,0.0375,0.0208461538461538
118,0.0385,0.0209957627118644
119,0.0385,0.0211428571428571
120,0.039,0.0212916666666667
121,0.039,0.0214380165289256
122,0.0395,0.0215860655737705
123,0.04,0.0217357723577236
124,0.04,0.021883064516129
125,0.04,0.022028
126,0.041,0.0221785714285714
127,0.041,0.0223267716535433
128,0.041,0.02247265625
129,0.0415,0.0226201550387597
130,0.042,0.0227692307692308
131,0.0425,0.0229198473282443
132,0.043,0.0230719696969697
133,0.043,0.0232218045112782
134,0.0435,0.0233731343283582
135,0.0445,0.0235296296296296
136,0.0445,0.0236838235294118
137,0.045,0.0238394160583942
138,0.0455,0.0239963768115942
139,0.046,0.0241546762589928
140,0.0465,0.0243142857142857
141,0.047,0.0244751773049645
142,0.047,0.0246338028169014
143,0.0475,0.0247937062937063
144,0.0475,0.0249513888888889
145,0.0475,0.0251068965517241
146,0.0475,0.0252602739726027
147,0.048,0.0254149659863946
148,0.048,0.0255675675675676
149,0.0485,0.0257214765100671
150,0.0485,0.0258733333333333
151,0.049,0.0260264900662252
152,0.0495,0.0261809210526316
153,0.0505,0.0263398692810457
154,0.0515,0.0265032467532467
155,0.0515,0.0266645161290322
156,0.052,0.0268269230769231
157,0.053,0.0269936305732484
158,0.0535,0.0271613924050633
159,0.0535,0.0273270440251572
160,0.054,0.02749375
161,0.0545,0.0276614906832298
162,0.0545,0.0278271604938271
163,0.055,0.0279938650306748
164,0.0555,0.0281615853658536
165,0.0555,0.0283272727272727
166,0.056,0.0284939759036144
167,0.056,0.0286586826347305
168,0.0565,0.0288244047619048
169,0.0565,0.0289881656804734
170,0.0575,0.0291558823529412
171,0.0575,0.0293216374269006
172,0.0575,0.0294854651162791
173,0.0585,0.0296531791907514
174,0.059,0.0298218390804598
175,0.06,0.0299942857142857
176,0.061,0.0301704545454545
177,0.061,0.0303446327683616
178,0.061,0.0305168539325843
179,0.061,0.0306871508379888
180,0.0615,0.0308583333333333
181,0.0615,0.0310276243093923
182,0.062,0.0311978021978022
183,0.0625,0.0313688524590164
184,0.0635,0.0315434782608696
185,0.064,0.0317189189189189
186,0.064,0.0318924731182796
187,0.0645,0.0320668449197861
188,0.0645,0.0322393617021276
189,0.0645,0.0324100529100529
190,0.0645,0.032578947368421
191,0.0645,0.0327460732984293
192,0.0645,0.0329114583333333
193,0.0655,0.033080310880829
194,0.0655,0.0332474226804124
195,0.0655,0.0334128205128205
196,0.0655,0.0335765306122449
197,0.066,0.033741116751269
198,0.0665,0.0339065656565656
199,0.0665,0.034070351758794
200,0.0665,0.0342325
201,0.067,0.0343955223880597
202,0.067,0.0345569306930693
203,0.0675,0.0347192118226601
204,0.068,0.0348823529411765
205,0.0685,0.0350463414634146
206,0.0685,0.0352087378640777
207,0.069,0.0353719806763285
208,0.07,0.0355384615384615
209,0.0705,0.0357057416267942
210,0.0705,0.0358714285714286
211,0.071,0.0360379146919431
212,0.071,0.0362028301886792
213,0.0715,0.036368544600939
214,0.073,0.0365397196261682
215,0.073,0.0367093023255814
216,0.073,0.0368773148148148
217,0.0735,0.0370460829493087
218,0.0735,0.0372133027522936
219,0.074,0.0373812785388128
220,0.074,0.0375477272727273
221,0.074,0.0377126696832579
222,0.0745,0.0378783783783784
223,0.0745,0.038042600896861
224,0.0745,0.0382053571428571
225,0.0745,0.0383666666666667
226,0.075,0.0385287610619469
227,0.075,0.0386894273127753
228,0.076,0.0388530701754386
229,0.077,0.0390196506550218
230,0.077,0.0391847826086956
231,0.077,0.0393484848484848
232,0.079,0.0395193965517241
233,0.0795,0.0396909871244635
234,0.08,0.0398632478632479
235,0.0805,0.040036170212766
236,0.0805,0.0402076271186441
237,0.081,0.040379746835443
238,0.081,0.0405504201680672
239,0.0815,0.0407217573221757
240,0.082,0.04089375
241,0.0835,0.0410705394190871
242,0.084,0.0412479338842975
243,0.084,0.0414238683127572
244,0.084,0.0415983606557377
245,0.0845,0.0417734693877551
246,0.085,0.0419491869918699
247,0.085,0.0421234817813765
248,0.0855,0.0422983870967742
249,0.086,0.0424738955823293
250,0.086,0.042648
251,0.087,0.0428247011952191
252,0.087,0.043
253,0.087,0.0431739130434783
254,0.0885,0.0433523622047244
255,0.089,0.0435313725490196
256,0.089,0.043708984375
257,0.0905,0.0438910505836576
258,0.0905,0.0440717054263566
259,0.0915,0.0442548262548263
260,0.092,0.0444384615384615
261,0.0925,0.0446226053639847
262,0.0925,0.0448053435114504
263,0.093,0.0449885931558935
264,0.093,0.0451704545454545
265,0.0935,0.0453528301886792
266,0.094,0.0455357142857143
267,0.094,0.0457172284644195
268,0.0945,0.0458992537313433
269,0.0945,0.0460799256505576
270,0.0955,0.046262962962963
271,0.0955,0.0464446494464945
272,0.096,0.0466268382352941
273,0.0965,0.0468095238095238
274,0.097,0.046992700729927
275,0.0975,0.0471763636363636
276,0.0975,0.0473586956521739
277,0.098,0.0475415162454874
278,0.099,0.047726618705036
279,0.099,0.047910394265233
280,0.0995,0.0480946428571429
281,0.1,0.048279359430605
282,0.1,0.0484627659574468
283,0.1005,0.0486466431095406
284,0.101,0.048830985915493
285,0.102,0.0490175438596491
286,0.103,0.0492062937062937
287,0.1045,0.0493989547038327
288,0.105,0.0495920138888889
289,0.1055,0.0497854671280277
290,0.1065,0.0499810344827586
291,0.1075,0.0501786941580756
292,0.108,0.0503767123287671
293,0.1085,0.0505750853242321
294,0.1095,0.0507755102040816
295,0.1095,0.0509745762711864
296,0.1105,0.0511756756756757
297,0.1105,0.0513754208754209
298,0.1115,0.0515771812080537
299,0.1125,0.0517809364548495
300,0.1135,0.0519866666666667
301,0.114,0.0521926910299003
302,0.114,0.0523973509933775
303,0.114,0.0526006600660066
304,0.114,0.0528026315789474
305,0.1145,0.0530049180327869
306,0.115,0.0532075163398693
307,0.115,0.0534087947882736
308,0.1155,0.0536103896103896
309,0.1155,0.0538106796116505
310,0.116,0.0540112903225806
311,0.116,0.0542106109324759
312,0.1165,0.0544102564102564
313,0.1165,0.0546086261980831
314,0.117,0.0548073248407643
315,0.117,0.0550047619047619
316,0.1175,0.0552025316455696
317,0.118,0.0554006309148265
318,0.1185,0.0555990566037736
319,0.1185,0.0557962382445141
320,0.119,0.05599375
321,0.119,0.056190031152648
322,0.1195,0.0563866459627329
323,0.121,0.0565866873065015
324,0.1225,0.0567901234567901
325,0.1225,0.0569923076923077
326,0.1225,0.0571932515337423
327,0.123,0.057394495412844
328,0.123,0.0575945121951219
329,0.1235,0.0577948328267477
330,0.124,0.0579954545454545
331,0.124,0.0581948640483383
332,0.1245,0.058394578313253
333,0.1245,0.0585930930930931
334,0.1265,0.0587964071856287
335,0.1265,0.0589985074626866
336,0.127,0.0592008928571428
337,0.127,0.0594020771513353
338,0.127,0.0596020710059171
339,0.128,0.0598038348082596
340,0.1285,0.0600058823529411
341,0.1285,0.0602067448680352
342,0.13,0.0604108187134503
343,0.131,0.0606166180758017
344,0.1315,0.0608226744186046
345,0.1325,0.0610304347826087
346,0.133,0.0612384393063583
347,0.1335,0.0614466858789625
348,0.134,0.0616551724137931
349,0.1345,0.0618638968481375
350,0.136,0.0620757142857142
351,0.1365,0.0622877492877493
352,0.137,0.0625
353,0.137,0.0627110481586402
354,0.138,0.0629237288135593
355,0.139,0.0631380281690141
356,0.139,0.0633511235955056
357,0.139,0.063563025210084
358,0.1395,0.0637751396648044
359,0.1395,0.0639860724233983
360,0.141,0.0642
361,0.1425,0.0644168975069252
362,0.1425,0.0646325966850828
363,0.1435,0.0648498622589531
364,0.144,0.0650673076923076
365,0.1445,0.0652849315068493
366,0.145,0.0655027322404371
367,0.1455,0.0657207084468664
368,0.1455,0.0659374999999999
369,0.146,0.0661544715447154
370,0.147,0.0663729729729729
371,0.1495,0.0665970350404312
372,0.15,0.0668212365591397
373,0.15,0.0670442359249329
374,0.15,0.0672660427807486
375,0.1505,0.0674879999999999
376,0.152,0.0677127659574467
377,0.152,0.0679363395225464
378,0.1525,0.0681600529100529
379,0.153,0.0683839050131926
380,0.1535,0.068607894736842
381,0.1535,0.0688307086614173
382,0.1535,0.0690523560209424
383,0.1535,0.0692728459530026
384,0.154,0.0694934895833333
385,0.1555,0.0697168831168831
386,0.156,0.069940414507772
387,0.156,0.0701627906976744
388,0.1565,0.0703853092783505
389,0.1575,0.0706092544987146
390,0.1575,0.0708320512820512
391,0.1585,0.0710562659846547
392,0.16,0.0712831632653061
393,0.1615,0.0715127226463104
394,0.1615,0.071741116751269
395,0.1635,0.0719734177215189
396,0.164,0.072205808080808
397,0.165,0.0724395465994962
398,0.1655,0.0726733668341708
399,0.1655,0.0729060150375939
400,0.1665,0.0731399999999999
401,0.1665,0.0733728179551122
402,0.1665,0.0736044776119402
403,0.167,0.0738362282878411
404,0.168,0.074069306930693
405,0.1685,0.0743024691358024
406,0.1685,0.0745344827586206
407,0.1685,0.0747653562653562
408,0.1685,0.0749950980392157
409,0.1695,0.0752261613691931
410,0.17,0.0754573170731707
411,0.1705,0.0756885644768856
412,0.1715,0.0759211165048543
413,0.172,0.0761537530266344
414,0.1725,0.0763864734299517
415,0.1725,0.0766180722891566
416,0.173,0.0768497596153846
417,0.1735,0.0770815347721822
418,0.1735,0.0773122009569377
419,0.174,0.0775429594272076
420,0.175,0.0777749999999999
421,0.1755,0.0780071258907363
422,0.176,0.0782393364928909
423,0.176,0.0784704491725768
424,0.176,0.0787004716981132
425,0.1765,0.0789305882352941
426,0.177,0.0791607981220657
427,0.1775,0.0793911007025761
428,0.1785,0.0796226635514018
429,0.179,0.0798543123543123
430,0.1795,0.0800860465116278
431,0.18,0.0803178654292343
432,0.1815,0.0805520833333333
433,0.1815,0.080785219399538
434,0.182,0.0810184331797234
435,0.1825,0.081251724137931
436,0.1835,0.08148623853211
437,0.184,0.0817208237986269
438,0.1845,0.0819554794520547
439,0.1855,0.0821913439635535
440,0.186,0.0824272727272727
441,0.1865,0.0826632653061224
442,0.1865,0.0828981900452488
443,0.1865,0.0831320541760722
444,0.187,0.0833659909909909
445,0.1875,0.0836
446,0.188,0.0838340807174887
447,0.188,0.0840671140939597
448,0.188,0.0842991071428571
449,0.1895,0.084533407572383
450,0.19,0.0847677777777777
451,0.1905,0.0850022172949002
452,0.1905,0.0852356194690265
453,0.191,0.0854690949227373
454,0.1915,0.0857026431718061
455,0.193,0.0859384615384615
456,0.193,0.086173245614035
457,0.195,0.0864113785557986
458,0.1955,0.0866495633187773
459,0.1965,0.0868888888888888
460,0.197,0.0871282608695652
461,0.198,0.0873687635574837
462,0.198,0.0876082251082251
463,0.1995,0.0878498920086393
464,0.1995,0.0880905172413793
465,0.1995,0.0883301075268817
466,0.1995,0.088568669527897
467,0.2005,0.0888083511777302
468,0.2005,0.0890470085470085
469,0.2015,0.0892867803837953
470,0.2025,0.0895276595744681
471,0.2025,0.0897675159235669
472,0.203,0.0900074152542373
473,0.203,0.0902463002114165
474,0.204,0.0904862869198312
475,0.204,0.0907252631578947
476,0.2045,0.0909642857142857
477,0.2075,0.0912085953878407
478,0.208,0.0914529288702929
479,0.208,0.09169624217119
480,0.2105,0.09194375
481,0.2105,0.0921902286902287
482,0.2105,0.0924356846473029
483,0.2115,0.0926821946169772
484,0.2115,0.0929276859504132
485,0.212,0.0931731958762887
486,0.2125,0.0934187242798354
487,0.2125,0.0936632443531828
488,0.213,0.0939077868852459
489,0.215,0.0941554192229039
490,0.216,0.0944040816326531
491,0.2165,0.0946527494908351
492,0.219,0.0949054878048781
493,0.219,0.0951572008113591
494,0.22,0.0954099190283401
495,0.221,0.0956636363636364
496,0.221,0.0959163306451613
497,0.221,0.0961680080482898
498,0.2215,0.0964196787148595
499,0.2225,0.0966723446893788
500,0.223,0.096925
501,0.2245,0.0971796407185629
502,0.2245,0.0974332669322709
503,0.225,0.0976868787276342
504,0.2265,0.0979424603174603
505,0.2265,0.0981970297029703
506,0.228,0.098453557312253
507,0.228,0.0987090729783038
508,0.2285,0.0989645669291339
509,0.229,0.0992200392927309
510,0.2305,0.0994774509803922
511,0.231,0.0997348336594912
512,0.231,0.0999912109375
513,0.231,0.100246588693957
514,0.2335,0.100505836575876
515,0.234,0.100765048543689
516,0.234,0.101023255813954
517,0.2345,0.101281431334623
518,0.235,0.101539575289575
519,0.235,0.101796724470135
520,0.2355,0.102053846153846
521,0.2355,0.102309980806142
522,0.236,0.102566091954023
523,0.236,0.102821223709369
524,0.2365,0.103076335877863
525,0.2375,0.103332380952381
526,0.238,0.103588403041825
527,0.238,0.103843453510436
528,0.239,0.104099431818182
529,0.239,0.104354442344045
530,0.2395,0.104609433962264
531,0.2395,0.104863465160075
532,0.2395,0.105116541353383
533,0.2405,0.105370544090056
534,0.2405,0.105623595505618
535,0.242,0.105878504672897
536,0.2445,0.106137126865672
537,0.245,0.106395716945996
538,0.2465,0.106656133828996
539,0.247,0.106916512059369
540,0.248,0.107177777777778
541,0.2485,0.107439001848429
542,0.249,0.107700184501845
543,0.249,0.107960405156538
544,0.2495,0.108220588235294
545,0.25,0.108480733944954
546,0.2505,0.108740842490842
547,0.2505,0.109
548,0.251,0.109259124087591
549,0.251,0.109517304189435
550,0.2515,0.109775454545455
551,0.2525,0.110034482758621
552,0.2525,0.110292572463768
553,0.2535,0.110551537070524
554,0.254,0.110810469314079
555,0.255,0.11107027027027
556,0.2555,0.111330035971223
557,0.256,0.111589766606822
558,0.2565,0.111849462365591
559,0.2565,0.112108228980322
560,0.2565,0.112366071428571
561,0.257,0.112623885918004
562,0.257,0.112880782918149
563,0.2575,0.113137655417407
564,0.26,0.11339804964539
565,0.2615,0.11366017699115
566,0.2625,0.113923144876325
567,0.2635,0.114186948853615
568,0.2655,0.114453345070423
569,0.2655,0.114718804920914
570,0.267,0.114985964912281
571,0.2675,0.115253064798599
572,0.268,0.115520104895105
573,0.269,0.115787958115183
574,0.2695,0.11605574912892
575,0.2705,0.116324347826087
576,0.271,0.116592881944444
577,0.272,0.116862218370884
578,0.2725,0.117131487889273
579,0.273,0.117400690846287
580,0.2735,0.117669827586207
581,0.274,0.117938898450947
582,0.2745,0.118207903780069
583,0.277,0.118480274442539
584,0.277,0.118751712328767
585,0.2775,0.119023076923077
586,0.2785,0.119295221843003
587,0.279,0.119567291311755
588,0.2805,0.119840986394558
589,0.281,0.120114601018676
590,0.281,0.120387288135593
591,0.2815,0.120659898477157
592,0.2815,0.120931587837838
593,0.282,0.121203204047218
594,0.283,0.121475589225589
595,0.2835,0.121747899159664
596,0.2845,0.122020973154362
597,0.2845,0.122293132328308
598,0.287,0.12256856187291
599,0.2875,0.122843906510851
600,0.2885,0.12312
601,0.2885,0.123395174708819
602,0.291,0.123673588039867
603,0.2935,0.123955223880597
604,0.2935,0.124235927152318
605,0.2945,0.124517355371901
606,0.2945,0.124797854785478
607,0.2955,0.125079077429983
608,0.296,0.125360197368421
609,0.2965,0.125641215106732
610,0.297,0.125922131147541
611,0.2975,0.12620294599018
612,0.2995,0.126486111111111
613,0.3005,0.126769983686786
614,0.302,0.127055374592834
615,0.3025,0.127340650406504
616,0.303,0.127625811688312
617,0.303,0.127910048622366
618,0.3035,0.128194174757281
619,0.307,0.128483037156704
620,0.308,0.128772580645161
621,0.308,0.129061191626409
622,0.3085,0.129349678456592
623,0.312,0.129642857142857
624,0.3125,0.129935897435897
625,0.3145,0.1302312
626,0.315,0.130526357827476
627,0.3155,0.130821371610845
628,0.3155,0.131115445859873
629,0.3195,0.131414944356121
630,0.32,0.131714285714286
631,0.3205,0.132013470681458
632,0.321,0.1323125
633,0.321,0.132610584518167
634,0.3215,0.132908517350158
635,0.3215,0.133205511811024
636,0.323,0.13350393081761
637,0.3245,0.13380376766091
638,0.325,0.134103448275862
639,0.3265,0.134404538341158
640,0.328,0.13470703125
641,0.329,0.135010140405616
642,0.329,0.13531230529595
643,0.333,0.135619751166407
644,0.3335,0.13592701863354
645,0.335,0.136235658914729
646,0.336,0.136544891640867
647,0.3365,0.136853941267388
648,0.337,0.137162808641975
649,0.3375,0.137471494607088
650,0.339,0.137781538461538
651,0.3395,0.138091397849462
652,0.34,0.138401073619632
653,0.3415,0.138712098009188
654,0.3415,0.139022171253823
655,0.3425,0.139332824427481
656,0.343,0.139643292682927
657,0.343,0.139952815829528
658,0.343,0.140261398176292
659,0.3435,0.140569802731411
660,0.3445,0.140878787878788
661,0.346,0.14118910741301
662,0.346,0.141498489425982
663,0.3465,0.141807692307692
664,0.348,0.142118222891566
665,0.3485,0.142428571428571
666,0.3485,0.142737987987988
667,0.35,0.143048725637181
668,0.35,0.143358532934132
669,0.3515,0.143669656203288
670,0.353,0.143982089552239
671,0.3545,0.144295827123696
672,0.3545,0.144608630952381
673,0.355,0.144921248142645
674,0.356,0.145234421364985
675,0.3565,0.145547407407407
676,0.3565,0.145859467455621
677,0.3595,0.146175036927622
678,0.361,0.146491887905605
679,0.361,0.146807805596465
680,0.3615,0.147123529411765
681,0.362,0.14743906020558
682,0.362,0.147753665689149
683,0.365,0.148071742313323
684,0.3655,0.148389619883041
685,0.3665,0.14870802919708
686,0.367,0.149026239067055
687,0.3675,0.149344250363901
688,0.368,0.149662063953488
689,0.3715,0.149984034833091
690,0.3725,0.15030652173913
691,0.3735,0.150629522431259
692,0.374,0.150952312138728
693,0.374,0.15127417027417
694,0.3765,0.151598703170029
695,0.3765,0.151922302158273
696,0.3795,0.152249281609195
697,0.382,0.152578909612625
698,0.3835,0.152909742120344
699,0.3835,0.153239628040057
700,0.385,0.153570714285714
701,0.3855,0.153901569186876
702,0.386,0.154232193732194
703,0.3875,0.154564011379801
704,0.3885,0.154896306818182
705,0.389,0.155228368794326
706,0.3895,0.155560198300283
707,0.39,0.155891796322489
708,0.3915,0.156224576271186
709,0.392,0.156557122708039
710,0.392,0.156888732394366
711,0.393,0.157220815752461
712,0.3935,0.157552668539326
713,0.3945,0.157884992987377
714,0.396,0.158218487394958
715,0.396,0.158551048951049
716,0.3965,0.158883379888268
717,0.3965,0.159214783821478
718,0.397,0.159545961002785
719,0.3975,0.159876912378303
720,0.402,0.160213194444444
721,0.402,0.16054854368932
722,0.403,0.160884349030471
723,0.404,0.16122060857538
724,0.404,0.161555939226519
725,0.404,0.161890344827586
726,0.4045,0.162224517906336
727,0.405,0.162558459422283
728,0.4065,0.162893543956044
729,0.4065,0.163227709190672
730,0.4065,0.163560958904109
731,0.4065,0.163893296853625
732,0.407,0.164225409836065
733,0.4105,0.16456139154161
734,0.411,0.164897138964577
735,0.4125,0.165234013605442
736,0.4125,0.165569972826087
737,0.413,0.165905698778833
738,0.4135,0.166241192411924
739,0.4165,0.166579837618403
740,0.4165,0.166917567567567
741,0.4165,0.167254385964912
742,0.417,0.167590970350404
743,0.4185,0.16792866756393
744,0.419,0.168266129032258
745,0.419,0.168602684563758
746,0.4205,0.168940348525469
747,0.4205,0.169277108433735
748,0.4215,0.169614304812834
749,0.4215,0.169950600801068
750,0.423,0.170288
751,0.425,0.170627163781624
752,0.428,0.170969414893617
753,0.428,0.171310756972111
754,0.429,0.171652519893899
755,0.429,0.171993377483443
756,0.432,0.172337301587301
757,0.432,0.172680317040951
758,0.432,0.173022427440633
759,0.432,0.173363636363636
760,0.433,0.173705263157894
761,0.433,0.174045992115637
762,0.4345,0.17438779527559
763,0.437,0.174731979030144
764,0.4375,0.175075916230366
765,0.438,0.175419607843137
766,0.4385,0.175763054830287
767,0.4385,0.176105606258148
768,0.4425,0.176452473958333
769,0.444,0.176800390117035
770,0.446,0.17715
771,0.4465,0.177499351491569
772,0.4475,0.177849093264248
773,0.448,0.178198576972833
774,0.449,0.178548449612403
775,0.4505,0.178899354838709
776,0.454,0.179253865979381
777,0.454,0.179607464607464
778,0.455,0.179961439588689
779,0.4555,0.18031514762516
780,0.4565,0.18066923076923
781,0.4585,0.181024967989756
782,0.459,0.181380434782608
783,0.459,0.181734993614304
784,0.4615,0.182091836734694
785,0.463,0.182449681528662
786,0.4655,0.182809796437659
787,0.4655,0.183168996188056
788,0.467,0.183529187817259
789,0.468,0.183889733840304
790,0.4685,0.18425
791,0.469,0.184609987357775
792,0.471,0.184971590909091
793,0.475,0.185337326607818
794,0.475,0.185702141057934
795,0.4755,0.186066666666666
796,0.4775,0.186432788944723
797,0.4775,0.186797992471769
798,0.478,0.18716290726817
799,0.479,0.18752816020025
800,0.479,0.1878925
801,0.48,0.188257178526841
802,0.4805,0.188621571072319
803,0.481,0.188985678704857
804,0.4815,0.189349502487562
805,0.482,0.189713043478261
806,0.483,0.190076923076923
807,0.484,0.190441140024783
808,0.486,0.190806930693069
809,0.4875,0.191173671199011
810,0.493,0.191546296296296
811,0.493,0.191918002466091
812,0.493,0.192288793103448
813,0.4975,0.192664206642066
814,0.498,0.193039312039312
815,0.4985,0.193414110429448
816,0.4985,0.193787990196078
817,0.5005,0.194163402692778
818,0.5005,0.194537897310513
819,0.502,0.194913308913309
820,0.502,0.195287804878049
821,0.5025,0.195661997563946
822,0.5045,0.196037712895377
823,0.5065,0.196414945321992
824,0.5065,0.196791262135922
825,0.5075,0.197167878787879
826,0.51,0.197546610169491
827,0.5105,0.197925030229746
828,0.5135,0.19830615942029
829,0.514,0.19868697225573
830,0.514,0.199066867469879
831,0.514,0.199445848375451
832,0.515,0.199825120192307
833,0.516,0.200204681872749
834,0.516,0.200583333333333
835,0.516,0.200961077844311
836,0.5165,0.201338516746411
837,0.517,0.201715651135006
838,0.5185,0.202093675417661
839,0.5185,0.202470798569726
840,0.5195,0.202848214285714
841,0.52,0.203225326991676
842,0.52,0.203601543942993
843,0.5205,0.203977461447212
844,0.5205,0.204352488151658
845,0.5215,0.204727810650887
846,0.522,0.205102836879432
847,0.522,0.205476977567886
848,0.522,0.205850235849056
849,0.5225,0.20622320376914
850,0.5245,0.206597647058823
851,0.5245,0.206971210340775
852,0.526,0.207345657276995
853,0.53,0.207723915592028
854,0.532,0.20810362997658
855,0.533,0.208483625730994
856,0.535,0.208865070093458
857,0.5355,0.209246207701283
858,0.5355,0.209626456876457
859,0.5355,0.210005820721769
860,0.537,0.210386046511628
861,0.5375,0.210765969802555
862,0.54,0.211147911832946
863,0.54,0.211528968713789
864,0.5435,0.211913194444444
865,0.546,0.212299421965318
866,0.547,0.212685912240184
867,0.5475,0.213072087658593
868,0.548,0.213457949308755
869,0.548,0.213842922899885
870,0.549,0.21422816091954
871,0.5495,0.214613088404133
872,0.5515,0.214999426605504
873,0.552,0.215385452462772
874,0.552,0.215770594965675
875,0.5525,0.216155428571428
876,0.554,0.216541095890411
877,0.555,0.216927023945268
878,0.555,0.217312072892938
879,0.5555,0.217696814562002
880,0.556,0.21808125
881,0.559,0.218468217934165
882,0.562,0.218857709750567
883,0.563,0.219247451868629
884,0.5635,0.219636877828054
885,0.5655,0.220027683615819
886,0.5655,0.220417607223476
887,0.5665,0.220807779030439
888,0.5685,0.221199324324324
889,0.569,0.221590551181102
890,0.57,0.22198202247191
891,0.571,0.222373737373737
892,0.5715,0.222765134529148
893,0.5715,0.223155655095184
894,0.5735,0.223547539149888
895,0.5745,0.223939664804469
896,0.575,0.224331473214285
897,0.576,0.224723522853957
898,0.577,0.225115812917594
899,0.5775,0.225507786429366
900,0.5785,0.2259
901,0.5795,0.226292452830188
902,0.58,0.226684589800443
903,0.581,0.227076965669989
904,0.5815,0.227469026548672
905,0.583,0.227861878453038
906,0.5835,0.228254415011037
907,0.584,0.228646637265711
908,0.588,0.229042400881057
909,0.5905,0.2294400440044
910,0.591,0.229837362637362
911,0.5915,0.230234357848518
912,0.594,0.23063322368421
913,0.595,0.231032311062431
914,0.5955,0.231431072210065
915,0.5955,0.231828961748633
916,0.597,0.232227620087336
917,0.598,0.232626499454743
918,0.5995,0.233026143790849
919,0.6,0.233425462459194
920,0.6055,0.233829891304347
921,0.6075,0.234235613463626
922,0.61,0.234643167028199
923,0.6135,0.235053629469122
924,0.614,0.235463744588744
925,0.614,0.235872972972973
926,0.6155,0.23628293736501
927,0.618,0.236694714131607
928,0.618,0.237105603448275
929,0.619,0.237516684607104
930,0.62,0.237927956989247
931,0.622,0.238340494092373
932,0.6225,0.238752682403433
933,0.623,0.239164523043944
934,0.625,0.239577623126338
935,0.6255,0.23999037433155
936,0.6265,0.240403311965812
937,0.6275,0.24081643543223
938,0.629,0.241230277185501
939,0.63,0.241644302449414
940,0.631,0.242058510638297
941,0.6365,0.242477683315621
942,0.637,0.242896496815286
943,0.639,0.243316542948038
944,0.639,0.243735699152542
945,0.6415,0.244156613756613
946,0.6415,0.244576638477801
947,0.6415,0.244995776135163
948,0.6435,0.245416139240506
949,0.646,0.245838250790305
950,0.6465,0.24626
951,0.6465,0.246680862250262
952,0.648,0.247102415966386
953,0.6485,0.247523609653725
954,0.649,0.247944444444444
955,0.6495,0.248364921465968
956,0.651,0.248786087866108
957,0.6525,0.249207941483803
958,0.653,0.249629436325678
959,0.653,0.250050052137643
960,0.6575,0.250474479166666
961,0.6585,0.250899063475546
962,0.6585,0.251322765072765
963,0.66,0.251747144340602
964,0.661,0.252171680497925
965,0.663,0.252597409326424
966,0.6645,0.253023809523809
967,0.6665,0.25345139607032
968,0.6665,0.253878099173553
969,0.667,0.254304437564499
970,0.6675,0.254730412371134
971,0.668,0.255156024716786
972,0.668,0.255580761316872
973,0.6695,0.256006166495375
974,0.6705,0.256431724845996
975,0.6705,0.25685641025641
976,0.671,0.257280737704918
977,0.6715,0.257704708290685
978,0.6765,0.258132924335378
979,0.6765,0.258560265577119
980,0.6775,0.25898775510204
981,0.6785,0.259415392456677
982,0.6785,0.25984215885947
983,0.6805,0.26027009155646
984,0.6805,0.260697154471544
985,0.6805,0.261123350253807
986,0.681,0.261549188640973
987,0.681,0.261974164133738
988,0.6815,0.262398785425101
989,0.682,0.262823053589484
990,0.682,0.263246464646464
991,0.6825,0.263669525731584
992,0.685,0.264094254032258
993,0.686,0.264519133937563
994,0.6875,0.264944668008048
995,0.689,0.265370854271357
996,0.69,0.26579718875502
997,0.6905,0.266223169508525
998,0.6935,0.26665130260521
999,0.695,0.26708008008008
1000,0.6955,0.2675085
1001,0.6975,0.267938061938062
1002,0.698,0.268367265469062
1003,0.6985,0.268796111665005
1004,0.6995,0.269225099601593
1005,0.7,0.269653731343283
1006,0.701,0.270082504970179
1007,0.702,0.270511420059583
1008,0.7025,0.27093998015873
1009,0.703,0.271368186323092
1010,0.705,0.271797524752475
1011,0.7055,0.272226508407517
1012,0.7065,0.272655632411067
1013,0.707,0.273084402764067
1014,0.708,0.273513313609467
1015,0.708,0.273941379310345
1016,0.7085,0.274369094488189
1017,0.712,0.274799410029498
1018,0.7135,0.275230353634577
1019,0.7145,0.275661432777232
1020,0.715,0.276092156862745
1021,0.721,0.27652791380999
1022,0.721,0.276962818003914
1023,0.7215,0.277397360703812
1024,0.723,0.27783251953125
1025,0.724,0.278267804878048
1026,0.7245,0.278702729044834
1027,0.7255,0.279137779941577
1028,0.7265,0.279572957198443
1029,0.727,0.280007774538386
1030,0.728,0.280442718446602
1031,0.728,0.280876818622696
1032,0.73,0.281312015503876
1033,0.73,0.281746369796708
1034,0.7305,0.282180367504835
1035,0.7305,0.282613526570048
1036,0.731,0.283046332046332
1037,0.7315,0.283478784956605
1038,0.7325,0.283911368015414
1039,0.733,0.284343599615014
1040,0.733,0.284775
1041,0.734,0.285206532180595
1042,0.7345,0.285637715930902
1043,0.7365,0.286069990412272
1044,0.737,0.286501915708812
1045,0.7385,0.286934449760765
1046,0.739,0.287366634799235
1047,0.7395,0.287798471824259
1048,0.741,0.288230916030534
1049,0.742,0.288663489037178
1050,0.743,0.28909619047619
1051,0.743,0.289528068506184
1052,0.743,0.289959125475285
1053,0.7435,0.290389838556505
1054,0.7435,0.290819734345351
1055,0.7445,0.291249763033175
1056,0.745,0.291679450757575
1057,0.746,0.292109271523178
1058,0.7475,0.292539697542533
1059,0.748,0.292969782813975
1060,0.7485,0.293399528301886
1061,0.7485,0.293828463713477
1062,0.7505,0.294258474576271
1063,0.751,0.294688146754468
1064,0.7515,0.295117481203007
1065,0.7535,0.295547887323943
1066,0.7565,0.295980300187617
1067,0.758,0.296413308341143
1068,0.7585,0.296845973782771
1069,0.76,0.29727923292797
1070,0.7605,0.29771214953271
1071,0.7605,0.298144257703081
1072,0.761,0.298576026119403
1073,0.7625,0.299008387698042
1074,0.7635,0.299440875232774
1075,0.7635,0.299872558139534
1076,0.765,0.300304832713754
1077,0.765,0.300736304549675
1078,0.7655,0.301167439703154
1079,0.7655,0.301597775718257
1080,0.767,0.302028703703703
1081,0.767,0.30245883441258
1082,0.7685,0.302889556377079
1083,0.769,0.303319944598337
1084,0.7705,0.303750922509225
1085,0.771,0.304181566820276
1086,0.772,0.304612338858195
1087,0.773,0.305043238270469
1088,0.7735,0.305473805147058
1089,0.7735,0.305903581267217
1090,0.777,0.306335779816513
1091,0.7795,0.306769477543538
1092,0.7795,0.30720238095238
1093,0.78,0.30763494967978
1094,0.7805,0.30806718464351
1095,0.7805,0.308498630136986
1096,0.7805,0.308929288321167
1097,0.7815,0.309360072926162
1098,0.7815,0.309790072859745
1099,0.7825,0.310220200181983
1100,0.783,0.31065
1101,0.7845,0.311080381471389
1102,0.7855,0.311510889292196
1103,0.7865,0.311941523118767
1104,0.7865,0.312371376811594
1105,0.787,0.312800904977375
1106,0.7875,0.313230108499095
1107,0.7875,0.313658536585365
1108,0.788,0.314086642599278
1109,0.788,0.314513976555455
1110,0.789,0.314941441441441
1111,0.7905,0.315369486948694
1112,0.793,0.315799010791367
1113,0.798,0.316232255166217
1114,0.7985,0.316665170556553
1115,0.799,0.317097757847533
1116,0.799,0.317529569892473
1117,0.7995,0.317961056401074
1118,0.7995,0.318391771019678
1119,0.8,0.318822162645219
1120,0.8,0.319251785714285
1121,0.8005,0.319681088314005
1122,0.8015,0.320110516934046
1123,0.8015,0.320539180765806
1124,0.803,0.320968416370106
1125,0.8035,0.321397333333333
1126,0.807,0.321828596802842
1127,0.809,0.322260869565217
1128,0.81,0.322693262411347
1129,0.8105,0.323125332152347
1130,0.811,0.323557079646017
1131,0.813,0.323989832007073
1132,0.8135,0.324422261484099
1133,0.816,0.324856134157105
1134,0.816,0.325289241622574
1135,0.8165,0.325722026431718
1136,0.818,0.326155369718309
1137,0.82,0.326589709762533
1138,0.82,0.327023286467486
1139,0.8205,0.327456540825285
1140,0.8205,0.327889035087719
1141,0.8225,0.328322524101665
1142,0.823,0.328755691768826
1143,0.824,0.329188976377952
1144,0.825,0.329622377622377
1145,0.8265,0.330056331877729
1146,0.8285,0.330491273996509
1147,0.8285,0.33092545771578
1148,0.8305,0.3313606271777
1149,0.8305,0.33179503916449
1150,0.831,0.332229130434782
1151,0.8325,0.332663770634231
1152,0.833,0.333098090277777
1153,0.833,0.333531656548135
1154,0.835,0.333966204506065
1155,0.8365,0.334401298701298
1156,0.8365,0.334835640138408
1157,0.837,0.335269662921348
1158,0.837,0.335702936096718
1159,0.8385,0.336136755823986
1160,0.8405,0.336571551724137
1161,0.841,0.337006029285099
1162,0.841,0.337439759036144
1163,0.842,0.337873602751504
1164,0.842,0.338306701030927
1165,0.842,0.338739055793991
1166,0.8425,0.339171097770154
1167,0.8425,0.339602399314481
1168,0.8425,0.340032962328767
1169,0.843,0.340463216424294
1170,0.8435,0.340893162393162
1171,0.845,0.34132365499573
1172,0.8455,0.341753839590443
1173,0.8465,0.342184143222506
1174,0.847,0.342614139693356
1175,0.8475,0.343043829787234
1176,0.848,0.343473214285714
1177,0.8495,0.343903143585386
1178,0.8495,0.344332342954159
1179,0.85,0.344761238337574
1180,0.8525,0.345191525423728
1181,0.853,0.34562150719729
1182,0.853,0.346050761421319
1183,0.854,0.346480135249365
1184,0.8545,0.346909206081081
1185,0.855,0.347337974683544
1186,0.8565,0.347767284991568
1187,0.857,0.348196293176074
1188,0.8575,0.348625
1189,0.86,0.349055088309503
1190,0.8615,0.349485714285714
1191,0.862,0.349916036943744
1192,0.8625,0.350346057046979
1193,0.863,0.350775775356244
1194,0.8655,0.351206867671691
1195,0.866,0.351637656903765
1196,0.869,0.352070234113712
1197,0.8695,0.352502506265664
1198,0.8715,0.35293572621035
1199,0.8715,0.353368223519599
1200,0.8715,0.3538
1201,0.8715,0.354231057452123
1202,0.872,0.354661813643926
1203,0.873,0.355092684954281
1204,0.873,0.355522840531561
1205,0.8735,0.355952697095435
1206,0.8735,0.35638184079602
1207,0.875,0.356811516155758
1208,0.877,0.357242135761589
1209,0.879,0.357673697270471
1210,0.88,0.358105371900826
1211,0.88,0.358536333608588
1212,0.8825,0.358968646864686
1213,0.8825,0.359400247320692
1214,0.8825,0.359831136738056
1215,0.8835,0.360262139917695
1216,0.8835,0.360692434210526
1217,0.8835,0.36112202136401
1218,0.884,0.3615513136289
1219,0.885,0.361980721903199
1220,0.8865,0.362410655737705
1221,0.887,0.362840294840295
1222,0.8885,0.363270458265139
1223,0.8885,0.363699918233851
1224,0.889,0.36412908496732
1225,0.891,0.364559183673469
1226,0.892,0.364989396411093
1227,0.893,0.365419722901385
1228,0.893,0.365849348534202
1229,0.8935,0.366278681855167
1230,0.894,0.366707723577235
1231,0.895,0.36713688058489
1232,0.895,0.367565340909091
1233,0.896,0.367993917274939
1234,0.896,0.368421799027552
1235,0.896,0.368848987854251
1236,0.8965,0.369275889967637
1237,0.8965,0.369702101859337
1238,0.8965,0.370127625201938
1239,0.8975,0.370553268765133
1240,0.899,0.370979435483871
1241,0.9,0.371405721192586
1242,0.9,0.371831320450885
1243,0.901,0.372257039420756
1244,0.901,0.372682073954984
1245,0.901,0.373106425702811
1246,0.903,0.373531701444622
1247,0.903,0.37395629510826
1248,0.9035,0.374380608974359
1249,0.904,0.374804643714972
1250,0.904,0.375228
1251,0.904,0.375650679456435
1252,0.9045,0.376073083067092
1253,0.9045,0.376494812450119
1254,0.9045,0.3769158692185
1255,0.905,0.377336653386454
1256,0.9055,0.377757165605095
1257,0.906,0.378177406523468
1258,0.906,0.378596979332273
1259,0.9065,0.379016282764098
1260,0.9065,0.37943492063492
1261,0.9075,0.379853687549564
1262,0.9075,0.380271790808241
1263,0.908,0.38068962787015
1264,0.908,0.381106803797468
1265,0.908,0.381523320158103
1266,0.909,0.381939968404423
1267,0.9095,0.38235635359116
1268,0.9105,0.38277287066246
1269,0.911,0.383189125295508
1270,0.9125,0.383605905511811
1271,0.913,0.384022423288749
1272,0.915,0.384439858490566
1273,0.9175,0.384858601728201
1274,0.9175,0.385276687598116
1275,0.9175,0.385694117647059
1276,0.918,0.386111285266458
1277,0.9185,0.386528191072827
1278,0.9195,0.386945226917058
1279,0.9225,0.387363956215794
1280,0.923,0.387782421875
1281,0.9235,0.3882006245121
1282,0.924,0.38861856474259
1283,0.926,0.389037412314887
1284,0.9265,0.389455996884735
1285,0.9285,0.389875486381323
1286,0.929,0.390294712286158
1287,0.929,0.390713286713286
1288,0.929,0.391131211180124
1289,0.929,0.391548487199379
1290,0.929,0.39196511627907
1291,0.93,0.392381874515879
1292,0.93,0.392797987616099
1293,0.932,0.393215003866976
1294,0.932,0.393631375579598
1295,0.933,0.394047876447876
1296,0.9335,0.39446412037037
1297,0.9335,0.394879722436391
1298,0.9345,0.395295454545454
1299,0.935,0.395710931485758
1300,0.9355,0.396126153846154
1301,0.938,0.396542659492698
1302,0.9395,0.396959677419355
1303,0.9395,0.397376055257099
1304,0.94,0.39779217791411
1305,0.9415,0.398208812260536
1306,0.9425,0.398625574272588
1307,0.9425,0.399041698546289
1308,0.9425,0.399457186544342
1309,0.943,0.399872421695951
1310,0.9435,0.400287404580152
1311,0.9435,0.400701754385965
1312,0.9435,0.401115472560975
1313,0.9445,0.401529322162985
1314,0.945,0.401942922374429
1315,0.945,0.402355893536121
1316,0.946,0.402768996960486
1317,0.9465,0.40318185269552
1318,0.9465,0.403594081942337
1319,0.9475,0.404006444275966
1320,0.948,0.40441856060606
1321,0.948,0.404830052990159
1322,0.949,0.405241679273827
1323,0.9515,0.405654572940287
1324,0.953,0.406067975830815
1325,0.953,0.406480754716981
1326,0.953,0.406892911010558
1327,0.955,0.40730595327807
1328,0.955,0.407718373493975
1329,0.9555,0.408130549285176
1330,0.9565,0.408542857142857
1331,0.957,0.408954921111946
1332,0.958,0.409367117117117
1333,0.958,0.409778694673668
1334,0.9595,0.410190779610195
1335,0.9605,0.410602996254681
1336,0.9605,0.411014595808383
1337,0.9605,0.411425579655946
1338,0.961,0.411836322869955
1339,0.9615,0.412246825989544
1340,0.962,0.412657089552239
1341,0.9625,0.413067114093959
1342,0.963,0.413476900149031
1343,0.964,0.413886820551005
1344,0.964,0.414296130952381
1345,0.9645,0.414705204460966
1346,0.9645,0.415113670133729
1347,0.967,0.415523385300668
1348,0.9675,0.415932863501483
1349,0.9695,0.416343217197924
1350,0.971,0.416754074074074
1351,0.972,0.417165062916358
1352,0.973,0.417576183431952
1353,0.9735,0.417987065779748
1354,0.974,0.418397710487444
1355,0.974,0.41880774907749
1356,0.974,0.419217182890855
1357,0.9745,0.419626381724392
1358,0.9745,0.420034977908689
1359,0.975,0.420443340691685
1360,0.975,0.420851102941176
1361,0.976,0.421259000734754
1362,0.976,0.421666299559471
1363,0.9765,0.422073367571533
1364,0.978,0.422480938416422
1365,0.9785,0.422888278388278
1366,0.9785,0.423295021961933
1367,0.9785,0.423701170446233
1368,0.979,0.424107090643275
1369,0.979,0.424512417823229
1370,0.9795,0.424917518248175
1371,0.9795,0.425322027716995
1372,0.98,0.425726311953353
1373,0.9805,0.426130371449381
1374,0.9805,0.42653384279476
1375,0.9805,0.426936727272727
1376,0.981,0.427339389534884
1377,0.982,0.427742193173566
1378,0.9835,0.42814550072569
1379,0.984,0.428548585931835
1380,0.985,0.428951811594203
1381,0.985,0.429354453294714
1382,0.985,0.429756512301013
1383,0.9855,0.430158351409978
1384,0.986,0.430559971098266
1385,0.986,0.430961010830325
1386,0.9865,0.431361832611833
1387,0.9865,0.431762076423937
1388,0.987,0.432162103746398
1389,0.987,0.432561555075594
1390,0.987,0.432960431654676
1391,0.9875,0.433359094176851
1392,0.9885,0.433757902298851
1393,0.989,0.434156496769562
1394,0.9905,0.434555595408895
1395,0.9905,0.434954121863799
1396,0.991,0.435352435530086
1397,0.9925,0.435751252684324
1398,0.9935,0.436150214592275
1399,0.9935,0.436548606147248
1400,0.994,0.436946785714286
1401,0.994,0.437344396859386
1402,0.995,0.437742154065621
1403,0.996,0.43814005702067
1404,0.997,0.438538105413106
1405,0.997,0.438935587188612
1406,0.9975,0.439332859174964
1407,0.9975,0.439729566453447
1408,0.9985,0.440126420454545
1409,0.9995,0.440523420865862
